<?xml version="1.0" encoding="UTF-8"?>
<addon id="plugin.video.gdrive" version="0.8.66" name="gdrive" provider-name="ddurdle">
    <requires>
        <import addon="xbmc.python" version="2.1.0"/>
    </requires>
    <extension point="xbmc.python.pluginsource" library="default.py">
        <provides>video</provides>
    </extension>
    <extension point="xbmc.addon.metadata">
        <summary>Ouça músicas, assista a vídeos e veja fotos da sua conta do Google Drive</summary>
        <description>Reproduz música e vídeo da sua conta do Google Drive. Não afiliado ao Google.</description>
        <platform>all</platform>
    </extension>
	<extension point="xbmc.service" library="service.py" start="login">
    </extension>
</addon>


